"id","Название","Email","Статус","Отправлено","Напоминание","Ответ","Тема"
"4a418bfd","Алмазовский молодёжный медицинский форум (Совет обучающихся и молодых учёных НМИЦ им. В.А. Алмазова)","lanskaya_ev@almazovcentre.ru","Написали","2026-10-09","","","Тренажёр приёма пациента для Алмазовского молодёжного форума"
"b3bae567","MedLab — лаборатория инноваций и акселератор цифровой медицины (Фонд «Сколково» × Сеченовский университет)","medlab@sk.ru","Написали","2026-10-09","","","ИИ-тренажёр для студентов-медиков и следующий набор MedLab"
"1950aa7d","EdExpert (журнал об EdTech)","ed@edexpert.ru","Написали","2026-10-09","","","Для EdExpert: студенты-медики сделали ИИ-тренажёр приёма"
"28faf661","Аккредитационно-симуляционный центр СЗГМУ им. И. И. Мечникова","viktoriia.shulga@szgmu.ru","Написали","2026-10-09","","","Станция сбора анамнеза: тренажёр для студентов СЗГМУ"
"12ce6db3","I am your beasty в медицинском (YouTube)","alla07420@gmail.com","Написали","2026-10-09","","","Размещение на канале «I am your beasty»: практика для медиков"
"0321713c","Christmedschool","info@christmedschool.com","Написали","2026-10-09","","","Christmedschool и практика приёма: предложение о партнёрстве"
"6ee9aec9","Всероссийская конференция молодых учёных «Цифровые технологии в современной медицине» (Сеченовский университет)","med@consef.ru","Написали","2026-10-09","","","«Цифровые технологии в современной медицине»: ИИ-пациент в обучении"
"3c835948","XV Юбилейный конгресс РОСОМЕД-2026 «Симуляционное обучение в медицине»","post@rosomed.ru","Написали","2026-10-09","","","Виртуальные пациенты для «Отечественных инноваций» РОСОМЕД"
"09cf5466","Medach (Medical Channel, medach.pro)","medachofficial@gmail.com","Написали","2026-10-09","","","Идея для Medach: как студенты учатся на ИИ-пациентах"
"49385eb8","Мультипрофильный аккредитационно-симуляционный центр (МАСЦ) РНИМУ им. Пирогова","centr@rsmu.ru","Написали","2026-10-09","","","Для МАСЦ РНИМУ: виртуальный пациент для отработки анамнеза"
