№,Название,Сегмент,Категория,Формат,Город,Даты,Кто это (одно предложение),Ссылка,Email,Телефон,Соцсети / мессенджеры,Контактное лицо,Аудитория,Приоритет,Где нашли контакты,Статус,Кто ведёт,Комментарий
1,Всероссийская конференция молодых учёных «Цифровые технологии в современной медицине» (Сеченовский университет),Конференции и олимпиады,Конференция,Гибрид,Москва,"декабрь–октябрь, итоговое заседание 9 октября 2026 (ежегодно, V конференция)",Конференция молодых учёных о цифровой медицине и ИИ при Сеченовском университете — тематически максимально близка к AI-тренажёру; можно предложить демо или спецноминацию.,https://itmcongress.ru/sechenov/,med@consef.ru,+7 495 978-25-11,,,,A,https://itmcongress.ru/sechenov/,Не начато,,
2,Итоговая научно-практическая конференция студентов и молодых учёных «Актуальные вопросы экспериментальной и клинической медицины» (ПСПбГМУ им. И.П. Павлова),Конференции и олимпиады,Конференция,Офлайн,Санкт-Петербург,"апрель 2027 (ежегодно, LXXXVII+ конференция)",Ежегодная итоговая конференция СНО Первого Павловского университета с международным участием; Совет СНО также проводит форум председателей СНО вузов России «Вернадский».,https://1spbgmu.ru/nauka/sno-i-obshchestvo-molodykh-uchenykh,sovetsno@spb-gmu.ru; info_sovet_sno@mail.ru,,https://vk.ru/sovetsno1med; https://t.me/PSPbGMUofficial,Совет СНО ПСПбГМУ им. И.П. Павлова,СНО на 58 кафедрах; сотни докладчиков,A,https://1spbgmu.ru/nauka/sno-i-obshchestvo-molodykh-uchenykh,Не начато,,
3,Международная Пироговская научная медицинская конференция студентов и молодых учёных (РНИМУ им. Н.И. Пирогова),Конференции и олимпиады,Конференция,Гибрид,Москва,"март 2027 (ежегодно, традиционно третий четверг марта)","Крупнейшая в России студенческая медицинская научная конференция, организуемая Советом СНО РНИМУ; тысячи участников-студентов и ординаторов со всей страны — идеальная площадка для анонса тренажёра.",https://pirogovka.rsmu.ru/,pirogov_conf@rsmu.ru,,https://vk.ru/pirogovka2027; https://vk.com/rnimupirogov,Оргкомитет Пироговской конференции (Совет СНО РНИМУ),несколько тысяч участников ежегодно (междунар. уровень),A,https://pirogovka.rsmu.ru/pirogovka-contacts,Не начато,,
4,"Международный молодёжный научный медицинский форум «Белые цветы» (Казанский ГМУ, СНО им. И.А. Студенцовой)",Конференции и олимпиады,Конференция,Офлайн,Казань,апрель 2027 (ежегодно; в 2026 — 15–17 апреля),"Трёхдневный международный форум СНО Казанского ГМУ с конференциями и олимпиадами; большая студенческая аудитория и активный студенческий совет, открытый к партнёрствам.",https://sno.kazangmu.ru/?page_id=822,sno-kgmu@kazangmu.ru,+7 (917) 269-54-40,https://vk.com/id264037680; https://vk.com/kazangmu,"Терехова Анна Алексеевна, председатель Совета СНО им. И.А. Студенцовой",1813 участников (по данным сайта СНО),A,https://sno.kazangmu.ru/,Не начато,,
5,Международный молодёжный форум «Медицинская наука без границ» (СтГМУ),Конференции и олимпиады,Конференция,Гибрид,Ставрополь,11–13 ноября 2026 (ежегодно),Международный молодёжный медицинский форум Ставропольского ГМУ с растущей географией; Совет молодых учёных принимает вопросы по почте — удобный вход для партнёрства.,https://stgmu.ru/science/,smu@stgmu.ru,,https://t.me/stgmu_minzdrava_ru,"Оргкомитет форума (Совет молодых учёных СтГМУ), тема письма «Вопрос по молодежному форуму»",,A,https://chitgma.ru/nauka/mno/molodezhnye-nauchnye-konferentsii/mezhdunarodnyj-molodezhnyj-forum-medicinskaja-nauka-bez-granic-11-13-nojabrja-2026-g-g/19249/Информационное письмо_Мед наука - 2026.pdf,Не начато,,
6,Пироговская студенческая научная конференция СНО им. Н.И. Пирогова (СибГМУ),Конференции и олимпиады,Конференция,Офлайн,Томск,весна 2027 (ежегодно),Ежегодная конференция одного из старейших СНО Сибири; председатель СНО указан публично с прямой почтой.,https://www.ssmu.ru/student/org/pirogov/,zavyalov.av@ssmu.ru; sno@ssmu.ru,,https://vk.com/sibmed_sno; https://t.me/ssmutomsk,"Завьялов Александр Васильевич, председатель СНО им. Н.И. Пирогова",,A,https://www.ssmu.ru/student/org/pirogov/,Не начато,,
7,VI Международная олимпиада по онкологии и ядерной медицине (отборочный этап СФО — СибГМУ),Конференции и олимпиады,Олимпиада,Гибрид,Томск (отбор онлайн) / Москва (финал),"отбор СФО 26 октября 2026 (онлайн); финал 30 ноября 2026, Москва",Командная олимпиада с клиническими задачами для студентов-медиков; формат клинических кейсов близок к нашему тренажёру.,https://media.ssmu.ru/news/sibmed-priglashaet-k-uchastiyu-v-vi-mezhdunarodnoy-olimpiade-po-onkologii-i-yadernoy-meditsine/,sitnikova.ey@ssmu.ru; pressa@ssmu.ru,,https://vk.com/sibmed; https://t.me/ssmutomsk,"Ситникова Екатерина, ассистент кафедры онкологии СибГМУ",команды медвузов СФО,B,https://media.ssmu.ru/news/sibmed-priglashaet-k-uchastiyu-v-vi-mezhdunarodnoy-olimpiade-po-onkologii-i-yadernoy-meditsine/,Не начато,,
8,VII Всероссийская студенческая олимпиада по педиатрии и неонатологии (ЯГМУ),Конференции и олимпиады,Олимпиада,Гибрид,Ярославль,26 сентября – 22 октября 2026 (ежегодно),"Командная всероссийская олимпиада по педиатрии на базе симуляционной клиники ЯГМУ — аудитория студентов старших курсов, мотивированных на практические навыки.",https://ysmu.ru/,pediat@ysmu.ru; uglov@ysmu.ru,+7 903 821-47-23,,"Углов Евгений Станиславович (оргкомитет, кафедра педиатрии ЯГМУ)",команды по 5 студентов из медвузов РФ,B,https://chitgma.ru/nauka/mno/molodezhnye-nauchnye-konferentsii/vii-vserossijskaja-studencheskaja-olimpiada-po-pediatrii-i-neonatologii-26-sentjabrja-po-22/19137/Информационное письмо 2026.pdf,Не начато,,
9,Всероссийская конференция студентов и молодых учёных «Хирургия – от теории к практике» (ЮУГМУ),Конференции и олимпиады,Конференция,Гибрид,Челябинск,"ежегодно (в 2026 — II конференция, к 216-летию Н.И. Пирогова)",Всероссийская хирургическая конференция студентов и молодых учёных на базе ЮУГМУ; оргкомитет принимает заявки по почте.,https://chelsma.ru/science/studencheskoe-nauchnoe-obshchestvo/,fluchi@mail.ru,,https://vk.com/fluchi; https://vk.com/pr.susmu; https://t.me/pr_susmu,"Злобина Екатерина Александровна, ассистент кафедры общей и детской хирургии",,B,https://chelsma.ru/science/studencheskoe-nauchnoe-obshchestvo/,Не начато,,
10,Конкурс научных работ молодых учёных «Primum inventa» (конгресс ТЕРМА-2026),Конференции и олимпиады,Конкурс,Офлайн,Санкт-Петербург,8–19 декабря 2026 (ежегодно в рамках конгресса ТЕРМА),Конкурс молодых учёных (научное и клиническое направления) в рамках конгресса терапевтов СЗФО — аудитория ординаторов и молодых терапевтов.,https://chitgma.ru/nauka/mno/molodezhnye-nauchnye-konferentsii/konkurse-nauchnyh-rabot-molodyh-uchenyh-primum-inventa-8-19-dekabrja-2026-g-g-sankt-peterburg,hrabrovamc@gmail.com,,,,,C,https://chitgma.ru/nauka/mno/molodezhnye-nauchnye-konferentsii/konkurse-nauchnyh-rabot-molodyh-uchenyh-primum-inventa-8-19-dekabrja-2026-g-g-sankt-peterburg/18108/ТЕРМА 2026 -Проведение конкурса молодых ученых.docx,Не начато,,
11,"Medach (Medical Channel, medach.pro)",СМИ и журналы,СМИ / портал,Онлайн,Москва,,"Портал для молодых врачей и студентов-медиков (статьи, переводы, блоги); идеален для гостевой статьи о подготовке к ОСКЭ с ИИ-пациентами.",https://medach.pro/,medachofficial@gmail.com,,https://t.me/medach; https://vk.com/medach; https://www.youtube.com/channel/UCPbE0ZLynjRd-FziGZQsgsA,,студенты-медики и молодые врачи,A,https://medach.pro/about-us,Не начато,,
12,Vademecum (vademec.ru),СМИ и журналы,СМИ / портал,Печать + онлайн,Москва,,Деловое издание о рынке здравоохранения и медтехе; интересен материал о стартапе/EdTech в медобразовании.,https://vademec.ru/,info@vademecummedia.ru; dmdmkr@idffmedia.ru,+7 (495) 755-59-40,https://t.me/vademecum_ru; https://t.me/vademecum_live; https://vk.com/vademec; https://www.youtube.com/channel/UCBRofVA7-aV8o_4u3PeJp1g,Дмитрий Кряжев — издатель-главный редактор,руководители и инвесторы рынка здравоохранения,A,https://vademec.ru/editors/,Не начато,,
13,«Виртуальные технологии в медицине» (РОСОМЕД),СМИ и журналы,Журнал (научный),Онлайн,Москва,,"Журнал Российского общества симуляционного обучения в медицине; лучший адрес для статьи/доклада о виртуальных пациентах и ИИ-дебрифинге, плюс выход на конференцию РОСОМЕД.",https://www.medsim.ru/jour,gorshkov@rosomed.ru; post@rosomed.ru,+7 (910) 791-79-12,https://t.me/rosomed; https://vk.com/clubrosomed; https://rutube.ru/channel/24139955/,"М.Д. Горшков (контакт редакции, РОСОМЕД)","симуляционные центры, преподаватели",A,https://www.medsim.ru/jour ; https://www.rosomed.ru/,Не начато,,
14,«Медицинское образование и профессиональное развитие» (ГЭОТАР-Медиа),СМИ и журналы,Журнал (научный),Печать + онлайн,Москва,,Главный российский журнал по медобразованию (для преподавателей медвузов); статья о применении ИИ-виртуальных пациентов в подготовке к ОСКЭ/аккредитации.,https://www.medobr.ru/,isaeva@geotar.ru; myahar@geotar.ru,+7 (495) 921-39-07,,Анна Исаева — выпускающий редактор,преподаватели медвузов и колледжей,A,https://www.medobr.ru/ru/pages/contacts.html,Не начато,,
15,"Здрав.Эксперт (Zdrav.Expert, TAdviser)",СМИ и журналы,СМИ / портал,Онлайн,Москва,,Энциклопедия и новости цифрового здравоохранения от TAdviser; можно добавить карточку продукта и прислать новость о запуске ИИ-тренажёра.,https://zdrav.expert/,zdrav@tadviser.ru; news@tadviser.ru,,https://t.me/zdravexpert; https://vk.com/zdrav.expert,,ИТ в здравоохранении,A,https://zdrav.expert/ (подвал сайта); https://www.tadviser.ru/,Не начато,,
16,Медвестник (medvestnik.ru),СМИ и журналы,СМИ / портал,Онлайн,Москва,,Крупнейший деловой портал для врачей (Бионика Диджитал); можно предложить новость/кейс «студенты сделали ИИ-тренажёр для подготовки к аккредитации» и инфопартнёрство.,https://medvestnik.ru/,edition@medvestnik.ru; info@medvestnik.ru,+7 (495) 786-25-57,https://t.me/med_vestnik; https://max.ru/medicinskiyvestnik,,"врачи, организаторы здравоохранения",A,https://medvestnik.ru/pages/contacts.html (архив web.archive.org 2025: «Редакция портала Medvestnik.ru: edition@medvestnik.ru; По вопросам инфопартнерства: info@medvestnik.ru»),Не начато,,
17,Медицинская газета,СМИ и журналы,СМИ / портал,Печать + онлайн,Москва,,Старейшая профессиональная газета для врачей; подходит для заметки о студенческом ИИ-тренажёре и интервью с командой в рубрике о медобразовании.,https://www.mgzt.ru/,mggazeta@mgzt.ru; inform@mgzt.ru; rekmedic@mgzt.ru,+7 (495) 608-85-44; +7 (495) 608-86-95,,,"врачи, руководители ЛПУ",A,https://www.mgzt.ru/,Не начато,,
18,Национальная база медицинских знаний (НБМЗ),СМИ и журналы,СМИ / портал,Онлайн,Москва,,"Ассоциация разработчиков и пользователей ИИ в медицине; медиа-канал «ИИ в медицине» — можно предложить новость, выступление на вебинаре или членство.",https://www.nbmz.ru/,media@nbmz.ru; info@nbmz.ru,,https://t.me/AI_NBMZ; https://www.youtube.com/@AIinMedicine,,разработчики и пользователи ИИ в медицине,A,https://www.nbmz.ru/,Не начато,,
19,MedPortal.ru,СМИ и журналы,СМИ / портал,Онлайн,Москва,,Массовый медицинский портал с новостями медицины и науки; можно предложить новость о студенческом ИИ-стартапе для медиков.,https://medportal.ru/,info@medportal.ru; pr@medportal.ru; advert@medportal.ru,,https://vk.com/mednovosti; https://ok.ru/mednovosti; https://zen.yandex.ru/medportal.ru; https://www.youtube.com/channel/UC_uZwe894q9-xC9t13GfVxA,Владимир Мкртчян — шеф-редактор; Юлия Миндер — управляющий (minder@medportal.ru),широкая аудитория + медики,B,https://medportal.ru/about/,Не начато,,
20,Webiomed (блог и медиа),СМИ и журналы,СМИ / портал,Онлайн,Петрозаводск/Москва,,Компания-разработчик ИИ в медицине с активным блогом и обзорами рынка медицинского ИИ; возможен гостевой пост или упоминание в обзоре.,https://webiomed.ru/,info@webiomed.ru,+7 (800) 234-05-04,https://vk.com/webiomed; https://www.youtube.com/channel/UCObOwO7A_F_LG-DxcCNNFrg,,"медицинский ИИ, цифровое здравоохранение",B,https://webiomed.ru/,Не начато,,
21,«Высшее образование в России»,СМИ и журналы,Журнал (научный),Печать + онлайн,Москва,,Ведущий журнал о высшей школе (Московский Политех); статья об ИИ-тренажёрах как инструменте практико-ориентированного обучения.,https://vovr.elpub.ru/jour,vovrus@inbox.ru,,,,исследователи и руководители вузов,B,https://vovr.elpub.ru/jour,Не начато,,
22,«Сеченовский вестник» (Sechenov Medical Journal),СМИ и журналы,Журнал (научный),Печать + онлайн,Москва,,Научный журнал Сеченовского университета; есть публикации по медобразованию — возможна оригинальная статья о валидации ИИ-тренажёра.,https://www.sechenovmedj.com/,sechenovmedj@staff.sechenov.ru,,https://t.me/sechmedj; https://vk.com/sechmedj,,научное медсообщество,B,https://www.sechenovmedj.com/,Не начато,,
23,Доктор Питер (doctorpiter.ru),СМИ и журналы,СМИ / портал,Онлайн,Санкт-Петербург,,"Медицинский портал Петербурга (партнёр «Фонтанки»); подходит для истории о петербургских/российских студентах, сделавших ИИ-тренажёр.",https://doctorpiter.ru/,info@doctorpiter.ru,+7 (812) 416-77-70,https://t.me/DoctorPiterNews; https://vk.com/doctorpiter; https://ok.ru/group/63143155990704,,,B,https://doctorpiter.ru/,Не начато,,
24,"Журнал «Менеджер здравоохранения» (ИД «Менеджер здравоохранения», ЦНИИОИЗ)",СМИ и журналы,Журнал (научный),Печать + онлайн,Москва,,Журнал ВАК К1 об управлении и цифровизации здравоохранения; можно подать статью о цифровых симуляторах в подготовке кадров.,https://idmz.ru/,idmz@mednet.ru,+7 (495) 618-07-92 доб. 115,https://vk.com/idmz_group,,"организаторы здравоохранения, ВАК К1",B,https://idmz.ru/,Не начато,,
25,Лечащий врач (lvrach.ru),СМИ и журналы,СМИ / портал,Печать + онлайн,Москва,,Журнал и новостной портал для практикующих врачей (Открытые системы); новость о тренажёре или статья о симуляционном обучении.,https://www.lvrach.ru/,newsvrach@lvrach.ru; pract@osp.ru; marketing@lvrach.ru,+7 (495) 725-47-80,https://t.me/lvrach; https://vk.com/lvrach; https://dzen.ru/lvrachnews,,практикующие врачи,B,https://lvrach.ru/contacts,Не начато,,
26,Ремедиум (remedium.ru),СМИ и журналы,СМИ / портал,Печать + онлайн,Москва,,"Издательство и портал для врачей и фармрынка (журналы «Медицинский совет», «Ремедиум»); новостная заметка о тренажёре или партнёрский материал.",https://www.remedium.ru/,editor@remedium.ru; remedium@remedium.ru; reklama@remedium.ru,+7 (495) 780-34-25,https://vk.com/remediumru; https://rutube.ru/channel/28452339/,Ольга Гиляревская — редактор новостей,"врачи, фармацевты",B,https://www.remedium.ru/contacts/,Не начато,,
27,CNews (раздел ИТ в здравоохранении),СМИ и журналы,Стартап-медиа,Онлайн,Москва,,Крупное ИТ-издание с разделом о цифровой медицине и ИИ; новостной релиз о запуске/росте студенческого ИИ-тренажёра.,https://www.cnews.ru/,news@cnews.ru; events@cnews.ru; advert@cnews.ru,+7 (495) 363-11-11,,,"ИТ-рынок, госсектор",C,https://www.cnews.ru/about/contacts,Не начато,,
28,Consilium Medicum / con-med.ru,СМИ и журналы,СМИ / портал,Печать + онлайн,Москва,,Портал и журналы для врачей (Медиа Медика); возможна новость или партнёрство по образовательному контенту.,https://con-med.ru/,content@con-med.ru; id@con-med.ru,,https://t.me/conmedru; https://vk.com/conmedru,,врачи,C,https://con-med.ru/contacts/,Не начато,,
29,«Вестник РУДН. Серия: Информатизация образования»,СМИ и журналы,Журнал (научный),Печать + онлайн,Москва,,Журнал о цифровых технологиях в обучении; статья об ИИ-виртуальных пациентах.,https://journals.rudn.ru/informatization-education,infoeduj@rudn.ru,+7 (495) 434-12-12; +7 (495) 787-38-03 доб. 1656,,,цифровое образование,C,https://journals.rudn.ru/informatization-education/about/contact,Не начато,,
30,«Вопросы образования» (НИУ ВШЭ),СМИ и журналы,Журнал (научный),Печать + онлайн,Москва,,Топовый журнал об образовании в РФ; подходит для исследовательской статьи об эффективности ИИ-симуляций в обучении.,https://vo.hse.ru/,edu.journal@hse.ru,,,,исследователи образования,C,https://vo.hse.ru/,Не начато,,
31,«Открытое образование» (РЭУ им. Плеханова),СМИ и журналы,Журнал (научный),Печать + онлайн,Москва,,Журнал об ИТ и e-learning в образовании; статья об архитектуре и результатах ИИ-тренажёра для медиков.,https://openedu.rea.ru/jour,Egorova.EA@rea.ru,+7 (495) 237-83-31 доб. 1803,,,"EdTech, e-learning",C,https://openedu.rea.ru/jour,Не начато,,
32,Медицинская Россия (MedRussia),СМИ и журналы,СМИ / портал,Онлайн,,,Онлайн-издание о медицине и медработниках; подходит для новости/колонки о цифровом медобразовании.,https://medrussia.org/,medikrussia@gmail.com,,https://t.me/mediamedics; https://dzen.ru/medrussia,,,C,https://medrussia.org/o-proekte/,Не начато,,
33,Фармацевтический вестник (pharmvestnik.ru),СМИ и журналы,СМИ / портал,Печать + онлайн,Москва,,"Деловое издание фармрынка (Бионика Медиа, одна группа с Медвестником); менее профильное, но возможна новость о медицинском EdTech.",https://pharmvestnik.ru/,edition@pharmvestnik.ru,,https://t.me/pharmvestnik; https://vk.com/pharmvestnik,,фармотрасль,C,https://pharmvestnik.ru/pages/red.html (архив web.archive.org 2025),Не начато,,
34,AnatomiX,Онлайн-сообщества,Telegram-канал,Онлайн,,,"Канал для медиков и студентов: анатомия, клинические факты, учебные материалы.",https://t.me/AnatomiiX,,,https://t.me/medicine_1111,,17 тыс. подписчиков,A,https://t.me/AnatomiiX,Не начато,,
35,FOR DOCTORS,Онлайн-сообщества,Telegram-канал,Онлайн,,,"Блог для будущих врачей обо всём в медицине, с активным чатом.",https://t.me/for_doctors,,,https://t.me/for_doctorss; https://t.me/chat_fordoctors,,33 тыс. подписчиков,A,https://t.me/for_doctors,Не начато,,
36,medjam / рай для медиков,Онлайн-сообщества,Telegram-канал,Онлайн,,,Канал студентки Сеченовского университета с лучшими материалами для студентов-медиков.,https://t.me/med_jam,,,https://t.me/yunyy_medik,,15 тыс. подписчиков,A,https://t.me/med_jam,Не начато,,
37,Ordinatura.org | Ординатура орг,Онлайн-сообщества,Telegram-канал,Онлайн,,,Медиа о медицинском образовании и база отзывов на ординатуру для выпускников и ординаторов.,https://t.me/ordinatura_org,,,@ordinatura_orc; https://ordinatura.org,,24 тыс. подписчиков,A,https://t.me/ordinatura_org,Не начато,,
38,Аккредитация врачей | Ординатура,Онлайн-сообщества,Telegram-канал,Онлайн,,,"Канал о первичной и периодической аккредитации, поступлении в ординатуру и медобразовании для выпускников и молодых врачей.",https://t.me/credit_med,creditmed@ya.ru,,https://telega.in/c/credit_med; vk.ru/credit_med; @credit_chat; @ordinatura_chat,,23 тыс. подписчиков,A,https://t.me/credit_med,Не начато,,
39,Библиотека Умного Медика,Онлайн-сообщества,Telegram-канал,Онлайн,,,Полезные ресурсы и литература для медиков всех специальностей и студентов.,https://t.me/smart_medics,,,@reklamamed,,20 тыс. подписчиков,A,https://t.me/smart_medics,Не начато,,
40,Будущий врач,Онлайн-сообщества,Telegram-канал,Онлайн,,,"Канал для студентов и молодых врачей: кейсы, шпаргалки, лайфхаки.",https://t.me/budushiy_vrachh,,,@dr_khushnud,,9 тыс. подписчиков,A,https://t.me/budushiy_vrachh,Не начато,,
41,Закладки медика,Онлайн-сообщества,Telegram-канал,Онлайн,,,"Библиотека студента-медика: учебники, методички, материалы по предметам.",https://t.me/medmateriali,,,@z_medika,,24 тыс. подписчиков,A,https://t.me/medmateriali,Не начато,,
42,Медач | Medical Channel,Онлайн-сообщества,Telegram-канал,Онлайн,,,"Официальный канал медицинского сообщества Medach: научпоп и профессиональные материалы о медицине с 2013 года, ядро — студенты-медики и врачи.",https://t.me/medach,,,@medach_sales,,28 тыс. подписчиков,A,https://t.me/medach,Не начато,,
43,Сомнительные медицинские мемы,Онлайн-сообщества,Telegram-канал,Онлайн,,,Канал ординатора Склифа с историями московских суток на СМП и мемами.,https://t.me/som_memes,,,@yummy_butterbrod,,11 тыс. подписчиков,A,https://t.me/som_memes,Не начато,,
44,Студенты - Медики,Онлайн-сообщества,Telegram-канал,Онлайн,,,Канал для студентов медвузов с учебными материалами и новостями.,https://t.me/studmediki,,,@dr_bogdana,,18 тыс. подписчиков,A,https://t.me/studmediki,Не начато,,
45,ТВОЙ МЕД | всё для студентов-медиков,Онлайн-сообщества,Telegram-канал,Онлайн,,,"Методички, ответы и материалы к экзаменам для студентов лечфака и стомфака.",https://t.me/tvoymed,,,@medpost2024; @tvoymedchats,,19 тыс. подписчиков,A,https://t.me/tvoymed,Не начато,,
46,Учусь на врача,Онлайн-сообщества,Telegram-канал,Онлайн,,,"Сообщество взаимопомощи студентов-медиков: материалы, стажировки, вакансии, юмор.",https://t.me/uchusnavracha,,,@KoMarNik,"@KoMarNik (будущий врач-онколог), взаимопиар",11 тыс. подписчиков,A,https://t.me/uchusnavracha,Не начато,,
47,Эдгар Кафаров — Анатомия человека,Онлайн-сообщества,Telegram-канал,Онлайн,,,"Анатомия просто и понятно от популярного преподавателя-блогера, большая аудитория студентов-медиков.",https://t.me/edgarkafarov,,,https://t.me/Zabota_Kafarov; https://t.me/KafarovAcademy_bot,Эдгар Кафаров,25 тыс. подписчиков,A,https://t.me/edgarkafarov,Не начато,,
48,Я СТУДЕНТ МЕДИК,Онлайн-сообщества,Telegram-канал,Онлайн,,,"Канал для студентов-медиков: учебные материалы, юмор и полезности для учебы в медвузе.",https://t.me/student_medik,,,@Chumnoj_Doktor; https://telega.in/c/student_medik,,23 тыс. подписчиков,A,https://t.me/student_medik,Не начато,,
49,MedBooks,Онлайн-сообщества,Telegram-канал,Онлайн,,,"Медицинские книги и учебники для студентов, интернов и врачей (тот же админ, что у «Будущий врач»).",https://t.me/medicinebooksss,,,@dr_khushnud,,8 тыс. подписчиков,B,https://t.me/medicinebooksss,Не начато,,
50,monster_ECG,Онлайн-сообщества,Telegram-канал,Онлайн,,,Репетитор по ЭКГ онлайн — много ЭКГ-задач для студентов и врачей.,https://t.me/monster_ECG,,,@dyadyaturik,,13 тыс. подписчиков,B,https://t.me/monster_ECG,Не начато,,
51,Анатомия | Гистология,Онлайн-сообщества,Telegram-канал,Онлайн,,,"Материалы по анатомии и гистологии для студентов-медиков и биологов, при канале есть чат.",https://t.me/anatomy_gistology,,,@stma39; https://telega.in/c/anatomy_gistology; @medical_chat_anat,,8 тыс. подписчиков,B,https://t.me/anatomy_gistology,Не начато,,
52,Анестезиология-реаниматология. Ординаторы Asia+,Онлайн-сообщества,Telegram-канал,Онлайн,,,"Канал по медицине критических состояний для ординаторов и интернов (русскоязычный, Азия).",https://t.me/orda_air,,,@lisa_lm,менеджер @lisa_lm (канал заявлен как «не продаётся»),20 тыс. подписчиков,B,https://t.me/orda_air,Не начато,,
53,Блог анестезиолога,Онлайн-сообщества,Telegram-канал,Онлайн,,,Личный блог врача анестезиолога-реаниматолога.,https://t.me/anesthesiologists_blog,,,@addo_ere_3; @anesthetistLive_bot; @real_anesthetist,,22 тыс. подписчиков,B,https://t.me/anesthesiologists_blog,Не начато,,
54,Гистология by SkillMed,Онлайн-сообщества,Telegram-канал,Онлайн,,,"Репетитор-врач по анатомии, гистологии, физиологии и патофизиологии для студентов.",https://t.me/gista_skillmed,,,@edi_ai; https://t.me/fiza_skillmed,,8 тыс. подписчиков,B,https://t.me/gista_skillmed,Не начато,,
55,Евразийская Ассоциация Терапевтов (ЕАТ),Онлайн-сообщества,Telegram-канал,Онлайн,,,Канал ЕАТ; проект «Орди» для молодых врачей с разбором клинических случаев — потенциальный партнёр.,https://t.me/euatofficial,info@euat.ru,,@ordi_euat; @EATCalcBot,,9 тыс. подписчиков,B,https://t.me/euatofficial,Не начато,,
56,Жизнь кардиолога,Онлайн-сообщества,Telegram-канал,Онлайн,,,"Канал кардиолога Дарьи Югай: чек-листы ЭКГ, разборы статей, клинические задачи.",https://t.me/magiccardiology,dariaiugaipr@gmail.com,,https://dzen.ru/dariaiugai; youtube.com/@dariaiugai,Дарья Югай,10 тыс. подписчиков,B,https://t.me/magiccardiology,Не начато,,
57,Заметки медика,Онлайн-сообщества,Telegram-канал,Онлайн,,,Авторский блог фельдшера реанимационной бригады — истории и клинические ситуации.,https://t.me/medika_zametki,,,@topdocmedia; @ibragimgb,,31 тыс. подписчиков,B,https://t.me/medika_zametki,Не начато,,
58,Кардиология & ФД. Академия Докстарклаб,Онлайн-сообщества,Telegram-канал,Онлайн,,,"Канал для врачей, ординаторов и студентов по кардиологии и функциональной диагностике.",https://t.me/cardio_fd_dsc,,,https://docstarclub.ru/courses-dsc,,15 тыс. подписчиков,B,https://t.me/cardio_fd_dsc,Не начато,,
59,КИНДЕРЫ-МЕДИКИ,Онлайн-сообщества,Telegram-канал,Онлайн,,,Канал «всё для студентов-медиков»: учебные материалы и сетка дочерних каналов (гистология и др.).,https://t.me/mediki_kinder,,,@maryam_medic,,9 тыс. подписчиков,B,https://t.me/mediki_kinder,Не начато,,
60,Леся ~ Студент медик,Онлайн-сообщества,Telegram-канал,Онлайн,,,"Блог выпускницы-краснодипломницы, ныне ординатора: учеба, ординатура, лайфстайл медика.",https://t.me/lesyamedd,,,@blueberryglobal,,"6,5 тыс. подписчиков",B,https://t.me/lesyamedd,Не начато,,
61,М Е Д И Ц И Н А (medicina_channel),Онлайн-сообщества,Telegram-канал,Онлайн,,,"Анатомия, клинические случаи и новости медицины для медиков и широкой аудитории.",https://t.me/medicina_channel,,,@Stinng; @Handlerr; @Semaa1234,,62 тыс. подписчиков,B,https://t.me/medicina_channel,Не начато,,
62,Материалы на миллион,Онлайн-сообщества,Telegram-канал,Онлайн,,,Полезные материалы для студентов-медиков.,https://t.me/medmaterials1,,,@S011101,,"8,8 тыс. подписчиков",B,https://t.me/medmaterials1,Не начато,,
63,Мед альбом,Онлайн-сообщества,Telegram-канал,Онлайн,,,"Медицинское слайдовое агентство — свежие материалы с медконференций, ведёт кардиолог.",https://t.me/medalbum,,,@roseviolet; vk.com/medalbum; @medicalphotochat,@roseviolet,15 тыс. подписчиков,B,https://t.me/medalbum,Не начато,,
64,Медач (medicinach) — Медицина 18+,Онлайн-сообщества,Telegram-канал,Онлайн,,,"Канал с медицинскими кейсами и фото 18+ «не для слабонервных», аудитория — медики и интересующиеся (не официальный Medach).",https://t.me/medicinach,,,@mediagrape; @grapemedia,,41 тыс. подписчиков,B,https://t.me/medicinach,Не начато,,
65,МЕДВУЗА | Школа медицины,Онлайн-сообщества,Telegram-канал,Онлайн,,,Онлайн-школа медицины (72 курса) для студентов-медиков — возможна коллаборация/взаимопиар.,https://t.me/med_medvuza,,,https://vk.com/med_medvuza; https://medvuza.ru,,11 тыс. подписчиков,B,https://t.me/med_medvuza,Не начато,,
66,Медики | Анатомия,Онлайн-сообщества,Telegram-канал,Онлайн,,,Канал для врачей и медиков: интересные факты и клинические случаи из практики.,https://t.me/khirurg_vrachi,,,@nadywe,,51 тыс. подписчиков,B,https://t.me/khirurg_vrachi,Не начато,,
67,Медицина (medobrazovanye),Онлайн-сообщества,Telegram-канал,Онлайн,,,"Образовательное медицинское сообщество (TG/VK/MAX), сеть каналов с единым рекламным контактом.",https://t.me/medobrazovanye,,,https://t.me/rek_web; https://vk.com/medobrazovanye,,11 тыс. подписчиков,B,https://t.me/medobrazovanye,Не начато,,
68,Медицинский блог Сеченова (medblognomer1),Онлайн-сообщества,Telegram-канал,Онлайн,,,Медицинский блог с аудиторией студентов-медиков (неофиц.).,https://t.me/medblognomer1,,,@msksech; https://telega.in/c/medblognomer1,,24 тыс. подписчиков,B,https://t.me/medblognomer1,Не начато,,
69,Медицинский юмор,Онлайн-сообщества,Telegram-канал,Онлайн,,,"Крупнейший паблик медицинского юмора, аудитория — медики и студенты.",https://t.me/med_humor,,,@SamantaDarko; telega.in/channels/+I7x0bo4DaBljOWEy/card,,92 тыс. подписчиков,B,https://t.me/med_humor,Не начато,,
70,Нейросети для врачей | MD.school,Онлайн-сообщества,Telegram-канал,Онлайн,,,Канал о применении нейросетей в работе врача — близкая тема к ИИ-тренажёру.,https://t.me/mdai_dima,,,https://t.me/mdai_dima/1529,,14 тыс. подписчиков,B,https://t.me/mdai_dima,Не начато,,
71,Ординаторская (педиатрия),Онлайн-сообщества,Telegram-канал,Онлайн,,,"Канал по педиатрии для студентов, ординаторов и молодых врачей.",https://t.me/drbryk,,,@bryklina,,"3,7 тыс. подписчиков",B,https://t.me/drbryk,Не начато,,
72,Плёночка неспокойная,Онлайн-сообщества,Telegram-канал,Онлайн,,,Одна ЭКГ в день с разбором от кардиореаниматологов Чазовского центра (авторы курса ЕАТ).,https://t.me/restless_ecg,,,@avetisyan_erik; @merkulova_ia,"Эрик Аветисян, Ирина Меркулова",9 тыс. подписчиков,B,https://t.me/restless_ecg,Не начато,,
73,Подслушано МГМУ Сеченова,Онлайн-сообщества,Telegram-канал,Онлайн,,,"Подслушано Сеченовского университета: новости, приколы, цитаты преподавателей.",https://t.me/MGMUslushaet,,,@MGMU_predloga_bot,,6 тыс. подписчиков,B,https://t.me/MGMUslushaet,Не начато,,
74,Подслушано Первый мед ПСПбГМУ,Онлайн-сообщества,Telegram-канал,Онлайн,,,Слухи и новости студентов ПСПбГМУ им. Павлова.,https://t.me/pervomedik,,,@pervomedik_bot; @MEDCITATI,,"4,6 тыс. подписчиков",B,https://t.me/pervomedik,Не начато,,
75,Подслушано РосУниМед (МГМСУ),Онлайн-сообщества,Telegram-канал,Онлайн,,,Подслушано Российского университета медицины (МГМСУ).,https://t.me/rosunimed_podslushka,,,@rek_podslushka; @rumpred_bot; https://vk.com/rosunimed,,8 тыс. подписчиков,B,https://t.me/rosunimed_podslushka,Не начато,,
76,Подслушано СЗГМУ им. Мечникова,Онлайн-сообщества,Telegram-канал,Онлайн,,,Слухи и приколы студентов СЗГМУ им. Мечникова.,https://t.me/szgmushka,,,@szgmushka_bot,,"3,6 тыс. подписчиков",B,https://t.me/szgmushka,Не начато,,
77,Помощник педиатра | МедикУм,Онлайн-сообщества,Telegram-канал,Онлайн,,,Справочный канал онлайн-школы МедикУм для педиатров и студентов педиатрического факультета.,https://t.me/pomoshnik_pediatra,,,https://medicum-school.ru,,24 тыс. подписчиков,B,https://t.me/pomoshnik_pediatra,Не начато,,
78,Помощник терапевта | МедикУм,Онлайн-сообщества,Telegram-канал,Онлайн,,,Справочный канал онлайн-школы МедикУм для терапевтов и студентов лечебного факультета.,https://t.me/pomoshnik_terapevta,,,https://medicum-school.ru,,18 тыс. подписчиков,B,https://t.me/pomoshnik_terapevta,Не начато,,
79,третьеши сеченова,Онлайн-сообщества,Telegram-канал,Онлайн,,,Неофициальный канал студентов курса Сеченовского университета.,https://t.me/pervashi_sechenova,,,@yunyy_medik,,7 тыс. подписчиков,B,https://t.me/pervashi_sechenova,Не начато,,
80,Уголок медика,Онлайн-сообщества,Telegram-канал,Онлайн,,,"Живой дневник студентки-медика: учёба, экзамены, полезные материалы.",https://t.me/ugolokmedikaa,,,@nebieva,,"7,7 тыс. подписчиков",B,https://t.me/ugolokmedikaa,Не начато,,
81,Чат FOR DOCTORS,Онлайн-сообщества,Telegram-чат,Онлайн,,,"Чат канала FOR DOCTORS: вопросы, обмен знаниями и книгами для будущих врачей.",https://t.me/chat_fordoctors,,,https://t.me/for_doctorss,,"5,4 тыс. участников",B,https://t.me/chat_fordoctors,Не начато,,
82,Чат «Аккредитация врачей» (credit_chat),Онлайн-сообщества,Telegram-чат,Онлайн,,,"Чат для обсуждения аккредитации, медобразования и кадровой политики при канале @credit_med.",https://t.me/credit_chat,creditmed@ya.ru,,@credit_med,,"3,7 тыс. участников",B,https://t.me/credit_chat,Не начато,,
83,Чат «Ординатура — 2026»,Онлайн-сообщества,Telegram-чат,Онлайн,,,Чат о поступлении в ординатуру при канале «Аккредитация врачей | Ординатура».,https://t.me/ordinatura_chat,creditmed@ya.ru,,@credit_med,,"0,7 тыс. участников",B,https://t.me/ordinatura_chat,Не начато,,
84,ЭКГ С НУЛЯ,Онлайн-сообщества,Telegram-канал,Онлайн,,,"Разборы, шпаргалки и памятки по ЭКГ, жизнь врача без фильтров.",https://t.me/v_ritme_doc,,,@v_ritme_doc8,,9 тыс. подписчиков,B,https://t.me/v_ritme_doc,Не начато,,
85,ЭКГ электрокардиография,Онлайн-сообщества,Telegram-канал,Онлайн,,,Задачи и случаи по ЭКГ и холтеру для врачей и студентов.,https://t.me/medecg,,,@roseviolet; https://vk.com/xmekg,@roseviolet,15 тыс. подписчиков,B,https://t.me/medecg,Не начато,,
86,4MEDICS — медицинский портал,Онлайн-сообщества,Telegram-канал,Онлайн,,,Медицинские мемы и познавательная информация для медиков.,https://t.me/formedics,,,https://t.me/maria4medics; https://tagio.pro/channel/9434/,,"4,7 тыс. подписчиков",C,https://t.me/formedics,Не начато,,
87,avokos,Онлайн-сообщества,Telegram-канал,Онлайн,,,Блог студентки-медика и ветеринара с чатом и YouTube.,https://t.me/avokos,avokosk@mail.ru,,@blueberryglobal,,"7,5 тыс. подписчиков",C,https://t.me/avokos,Не начато,,
88,ExpertПатофизиология (SmartLearn),Онлайн-сообщества,Telegram-канал,Онлайн,,,Онлайн-курсы по патофизиологии для студентов-медиков.,https://t.me/smart_pathphiz,,,https://smartlearn.best/,,5 тыс. подписчиков,C,https://t.me/smart_pathphiz,Не начато,,
89,KaplanMed | Образование и медицина,Онлайн-сообщества,Telegram-канал,Онлайн,,,"Канал для студентов-медиков: гистология, патанатомия, патофизиология.",https://t.me/kaplanmedschool,,,@kaplaninnokenty; https://vk.com/kaplanmed; https://vk.com/histologytutor,,"3,9 тыс. подписчиков",C,https://t.me/kaplanmedschool,Не начато,,
90,MeDKiT,Онлайн-сообщества,Telegram-канал,Онлайн,,,Блог студентки 4 курса лечфака (Волгоград): жизнь студента-медика и материалы.,https://t.me/KiTMeDD,,,@Xly_p,,"6,3 тыс. подписчиков",C,https://t.me/KiTMeDD,Не начато,,
91,STORYMED (medicalstudentlibrary),Онлайн-сообщества,Telegram-канал,Онлайн,,,Канал преподавателя хирургии Scalpel Med с поиском книг для студентов-медиков.,https://t.me/medicalstudentlibrary,,,@RafizGasanov,Рафиз Гасанов,"5,6 тыс. подписчиков",C,https://t.me/medicalstudentlibrary,Не начато,,
92,Анатомия в Кармане,Онлайн-сообщества,Telegram-канал,Онлайн,,,Популярный канал об анатомии и физиологии человека.,https://t.me/vrachi_mediki,,,@biologads,,20 тыс. подписчиков,C,https://t.me/vrachi_mediki,Не начато,,
93,Анатомия и физиология человека,Онлайн-сообщества,Telegram-канал,Онлайн,,,"Образовательное сообщество по анатомии (TG/VK/MAX), реклама через сеть rek_web.",https://t.me/anatomy_cheloveka,,,https://t.me/rek_web; https://vk.com/anatomy_cheloveka,,21 тыс. подписчиков,C,https://t.me/anatomy_cheloveka,Не начато,,
94,Белый халат,Онлайн-сообщества,Telegram-канал,Онлайн,,,Авторский блог врача со стажем 20+ лет о здоровье.,https://t.me/belyy_khalat,,,@Pabloo0707; @Reynoldkg,,24 тыс. подписчиков,C,https://tgstat.ru/channel/0i8ClA1mX1piZWIy,Не начато,,
95,Блог на скорой,Онлайн-сообщества,Telegram-канал,Онлайн,,,Блог врача скорой помощи о буднях.,https://t.me/+g0QMSPia1_9iOGUy,,,@sunnybannynew; @franko_telegram,,17 тыс. подписчиков,C,https://tgstat.ru/channel/3TWwaZu4KKFmODNi,Не начато,,
96,БЛОГ ПАТОЛОГОАНАТОМА,Онлайн-сообщества,Telegram-канал,Онлайн,,,Записи и факты из жизни врача-патологоанатома.,https://tgstat.ru/channel/hCjwmAdKMB01M2U6,,,@Liza_reklama,,16 тыс. подписчиков,C,https://tgstat.ru/channel/hCjwmAdKMB01M2U6,Не начато,,
97,Гриша про скорую,Онлайн-сообщества,Telegram-канал,Онлайн,,,Авторский канал фельдшера скорой помощи из Москвы.,https://t.me/grisha_medic,,,@addo_ere_3,,"5,2 тыс. подписчиков",C,https://t.me/grisha_medic,Не начато,,
98,Злой Медик,Онлайн-сообщества,Telegram-канал,Онлайн,,,"Медицина без цензуры — истории и кейсы, популярен у медиков.",https://t.me/+VFxEsw1yKkA5ZmZi,,,@Sunnybannynew; @milkywawe; @franko_telegram,,52 тыс. подписчиков,C,https://tgstat.ru/channel/GXShmWQLoHgyNTU6,Не начато,,
99,Мед Глэм | УГМУ,Онлайн-сообщества,Telegram-канал,Онлайн,,,Обзор учебных материалов и курсов по всей программе медвуза от студентки УГМУ.,https://t.me/myMEDanat,,,@totallyspies4,,"2,6 тыс. подписчиков",C,https://t.me/myMEDanat,Не начато,,
100,Немедик,Онлайн-сообщества,Telegram-канал,Онлайн,,,Простым языком о здоровье и медицине — крупный научпоп-канал (широкая аудитория).,https://t.me/nemedic,,,@HannaDemyanchik13; @nakadm; @dmastoff; https://telega.in/c/+N7XfawR8-A8yMDEy,,146 тыс. подписчиков,C,https://tgstat.ru/channel/AAAAAFbjgw7AMK2yJlsKhw,Не начато,,
101,Первый медицинский (pervyimed),Онлайн-сообщества,Telegram-канал,Онлайн,,,"Факты, медицинский юмор, операции и истории из медицины.",https://t.me/pervyimed,,,@reklamamed,,5 тыс. подписчиков,C,https://t.me/pervyimed,Не начато,,
102,Пироговский университет (официальный),Онлайн-сообщества,Telegram-канал,Онлайн,,,Официальный канал РНИМУ им. Пирогова — для партнёрства через пресс-службу.,https://t.me/daily_2med,,,https://max.ru/rnimu,,23 тыс. подписчиков,C,https://t.me/daily_2med,Не начато,,
103,Подслушано РостГМУ,Онлайн-сообщества,Telegram-канал,Онлайн,,,Подслушано студентов Ростовского медуниверситета.,https://t.me/rostsmuu,,,@rostsmuu_bot,,"3,8 тыс. подписчиков",C,https://t.me/rostsmuu,Не начато,,
104,Подслушано СамГМУ,Онлайн-сообщества,Telegram-канал,Онлайн,,,Подслушано студентов Самарского медуниверситета.,https://t.me/samsmuu,,,@samsmuu_bot,,"2,5 тыс. подписчиков",C,https://t.me/samsmuu,Не начато,,
105,Профессия – хирург,Онлайн-сообщества,Telegram-канал,Онлайн,,,"Доказательная медицина, исследования и клинические случаи для хирургов.",https://t.me/profsurgeon,,,,,13 тыс. подписчиков,C,https://t.me/profsurgeon,Не начато,,
106,Скорая помощь | Неотложка,Онлайн-сообщества,Telegram-канал,Онлайн,,,Образовательный канал о неотложной помощи (сеть rek_web).,https://t.me/skorayia,,,https://t.me/rek_web,,11 тыс. подписчиков,C,https://t.me/skorayia,Не начато,,
107,Смотровая Военврача (Алексей Водовозов),Онлайн-сообщества,Telegram-канал,Онлайн,,,Блог врача и научного журналиста Алексея Водовозова о доказательной медицине.,https://t.me/dr_voenvrach,,,https://t.me/dr_voenvrach/866,Алексей Водовозов,44 тыс. подписчиков,C,https://t.me/dr_voenvrach,Не начато,,
108,СТУДЕНТ МЕДИК | Авторские конспекты,Онлайн-сообщества,Telegram-канал,Онлайн,,,Авторские конспекты для студентов-медиков.,https://t.me/study_in_med,,,@Matoshigi,,"5,2 тыс. подписчиков",C,https://t.me/study_in_med,Не начато,,
109,Фельдшер +,Онлайн-сообщества,Telegram-канал,Онлайн,,,"Канал для студентов медколледжей, фельдшеров и медсестёр.",https://t.me/feldsherplus,,,@FeldsherAskBot,,10 тыс. подписчиков,C,https://t.me/feldsherplus,Не начато,,
110,Школа УЗИ,Онлайн-сообщества,Telegram-канал,Онлайн,,,Обучение врачей и ординаторов УЗИ-диагностике от к.м.н.,https://t.me/uzi_obuchenie,,,https://ultrasoundoc.com,,9 тыс. подписчиков,C,https://t.me/uzi_obuchenie,Не начато,,
111,ВОД «Волонтёры-медики» (центральный штаб),Студенческие организации и вузы,Ассоциация / движение,Гибрид,Москва,,"Крупнейшее всероссийское движение студентов-медиков (89 региональных отделений, 130+ тыс. волонтёров) — канал охвата студентов почти всех медвузов и колледжей.",https://волонтеры-медики.рф,info@volmedic.com,+7 (495) 796-03-06,https://vk.com/volmedic; https://www.ok.ru/volmedic,Председатель — Анна Бабкина,"89 региональных отделений, ~133 000 волонтёров (2023)",A,https://волонтеры-медики.рф/contacts,Не начато,,
112,Молодёжное научное общество (МНО) РостГМУ,Студенческие организации и вузы,СНО,Офлайн,Ростов-на-Дону,,"Аналог СНО в РостГМУ — объединяет научные кружки кафедр, проводит конференции.",https://mno.rostgmu.ru/,mno@rostgmu.ru; mno.rostgmu@gmail.com,,https://vk.com/mno_rostgmu,,,A,https://mno.rostgmu.ru/,Не начато,,
113,НОМУС ВолгГМУ (Научное общество молодых учёных и студентов),Студенческие организации и вузы,СНО,Офлайн,Волгоград,,"Общевузовское научное общество ВолгГМУ с кафедральными МНО, проводит форум «КОД НОМУС» и «Consilium Medicum».",https://nomusvolgmed.ru/,nomus@volgmed.ru,,https://vk.com/nomus; https://t.me/nomus_volggmu,,,A,https://nomusvolgmed.ru/,Не начато,,
114,НОМУС ПИМУ (СНО Приволжского исследовательского медуниверситета),Студенческие организации и вузы,СНО,Офлайн,Нижний Новгород,,Научное общество молодых учёных и студентов ПИМУ (бывш. НижГМА) — объединяет СНО и СМУ вуза; ПИМУ также площадка IFMSA в России.,https://nomus.pimunn.ru/,sno.nizhgma@gmail.com; gennadij.odinczow@mail.ru,+7 (904) 925-85-10,https://vk.com/pimu_science,Председатель Совета СНО — Одинцов Геннадий Андреевич,,A,https://pimunn.ru/student/vozmozhnosti-dlya-studentov/molodezhnaya-nauka/,Не начато,,
115,НОМУС Уральского ГМУ (Научное общество молодых учёных и студентов),Студенческие организации и вузы,СНО,Офлайн,Екатеринбург,,Научное общество студентов и молодых учёных УГМУ с тематическими секциями; проводит международную конференцию «Врач. Пациент. Общество».,https://usma.ru/nauka-i-innovacii/nauchnoe-obshhestvo-molodyx-uchyonyx-i-studentov-nomus/,nomus.usma@gmail.com,+7 (343) 214-86-71,https://t.me/USMU_ru; https://vk.com/ural.state.medical.university,,,A,https://usma.ru/news/priglashaem-k-uchastiyu-v-konferencii-nomus-ugmu/,Не начато,,
116,РОСОМЕД — Российское общество симуляционного обучения в медицине,Студенческие организации и вузы,Профессиональное общество,Гибрид,Москва,,"Общероссийское общество специалистов симуляционного обучения и аккредитации (ОСКЭ) — объединяет симцентры вузов, профильный партнёр для AI-виртуальных пациентов.",https://rosomed.ru/,post@rosomed.ru; kolysh@rosomed.ru,+7 903 729-09-87; +7 910 880-36-92,https://t.me/rosomed; https://vk.com/clubrosomed; https://rutube.ru/channel/24139955/,,,A,https://rosomed.ru/,Не начато,,
117,СНО Башкирского ГМУ,Студенческие организации и вузы,СНО,Офлайн,Уфа,,"Студенческое научное общество БГМУ (Уфа), совет на 2025–2026 гг.",https://bashgmu.ru/graduates/scientists/sostav-mno.php,anton.bgmu@gmail.com,+7 995 948-09-36,https://vk.com/sno_bashgmu,Председатель — Хайдаршин Вадим Ильгизович; науч. руководитель — Тюрин Антон Викторович,,A,https://bashgmu.ru/graduates/scientists/sostav-mno.php,Не начато,,
118,СНО им. И. А. Студенцовой Казанского ГМУ,Студенческие организации и вузы,СНО,Офлайн,Казань,,"Студенческое научное общество КГМУ, проводит Всероссийскую Бурденковскую и др. конференции — выход на активных студентов-исследователей.",https://sno.kazangmu.ru/,sno-kgmu@kazangmu.ru,+7 917 269-54-40,https://vk.com/smu_kgmu; https://vk.com/kazangmu,Председатель Совета СНО — Терехова Анна Алексеевна,,A,https://sno.kazangmu.ru/,Не начато,,
119,СНО им. Л. И. Фалина Российского университета медицины (МГМСУ),Студенческие организации и вузы,СНО,Офлайн,Москва,,"СНО бывшего МГМСУ им. Евдокимова: проводит ИСНК, научные дебаты и конкурсы для младших курсов.",https://www.msmsu.ru/science/molodyezhnaya-nauka/studencheskoe-nauchnoe-obshchestvo/kontakty/,onpk@msmsu.ru; nauka_msmsu@mail.ru; isnkmgmsu@gmail.com,+7 (495) 650-43-65,https://vk.com/sno_mgmsu; https://t.me/snomgmsu,Куратор/председатель СНО — Софья Самутина,,A,https://www.msmsu.ru/science/molodyezhnaya-nauka/studencheskoe-nauchnoe-obshchestvo/kontakty/,Не начато,,
120,СНО им. Н. И. Пирогова Сеченовского университета (Первый МГМУ),Студенческие организации и вузы,СНО,Офлайн,Москва,,Одно из крупнейших СНО страны с секциями по всем клиническим направлениям — ключевой канал в Сеченовке.,https://www.sechenov.ru/univers/structure/other/studencheskoe-nauchnoe-obshchestvo-imeni-n-i-pirogova/sovet/,,,https://vk.com/sno1med; https://t.me/science_sechenov,Председатель Совета СНО — Половиков Иван Павлович,,A,https://www.sechenov.ru/univers/structure/other/studencheskoe-nauchnoe-obshchestvo-imeni-n-i-pirogova/sovet/,Не начато,,
121,СНО им. проф. Н. П. Пятницкого КубГМУ,Студенческие организации и вузы,СНО,Офлайн,Краснодар,,"Студенческое научное общество Кубанского ГМУ, проводит ежегодную международную научно-практическую конференцию.",https://www.ksma.ru/nauka/sno-i-nauchnye-kruzhki/nashi-kontakty/,ksma.sno@mail.ru,,https://t.me/snokubgmu,Председатель Совета СНО — Шнейвайс Вадим Вадимович; науч. руководитель — проф. Байбаков С. Е.,,A,https://www.ksma.ru/nauka/sno-i-nauchnye-kruzhki/nashi-kontakty/,Не начато,,
122,СНО Новосибирского ГМУ,Студенческие организации и вузы,СНО,Офлайн,Новосибирск,,Студенческое научное общество НГМУ — крупнейшего медвуза Сибири.,https://ngmu.ru/department/2125/main,nadeevngma@mail.ru; strepil@yandex.ru,+7 951 394-78-89,,Председатель Совета СНО — Стрепетов Илья Олегович,,A,https://ngmu.ru/department/2125/main,Не начато,,
123,СНО РНИМУ им. Н. И. Пирогова,Студенческие организации и вузы,СНО,Офлайн,Москва,,"СНО Пироговского университета, организатор Пироговской научной конференции — сотни кружков и тысячи студентов.",https://rsmu.ru/research/sno,valeria_0315@mail.ru,+7 (989) 825-09-14,https://vk.com/sno_rnrmu,Председатель СНО — Лосева Валерия Владимировна,,A,https://rsmu.ru/research/sno,Не начато,,
124,СНО СПбГПМУ (Педиатрический университет),Студенческие организации и вузы,СНО,Офлайн,Санкт-Петербург,,"СНО педиатрического университета, организатор форума «Студенческая наука».",https://gpmu.org/science/student-scientific-society/,sovetsno.gpmu@gmail.com; sno.gpmu@mail.ru,+7 (931) 972-18-42,https://vk.com/snogpmu,Председатель СНО — Ходкевич Илья Сергеевич,,A,https://gpmu.org/science/student-scientific-society/contacts,Не начато,,
125,Совет СНО ПСПбГМУ им. И. П. Павлова,Студенческие организации и вузы,СНО,Офлайн,Санкт-Петербург,,Совет студенческого научного общества Первого Петербургского меда — координирует кафедральные кружки.,https://sovetsno1med.ru,sovetsno@spb-gmu.ru; info_sovet_sno@mail.ru,+7 (812) 338-70-44,https://vk.com/sovetsno1med,Научный руководитель — проф. Гавришева Наталья Алексеевна,,A,https://www.1spbgmu.ru/obschestvennaya-zhizn/studencheskij-sovet/sovet-sno-so,Не начато,,
126,Совет СНО СЗГМУ им. И. И. Мечникова,Студенческие организации и вузы,СНО,Офлайн,Санкт-Петербург,,"СНО крупнейшего медвуза Северо-Запада, проводит «Мечниковские чтения».",https://sno.szgmu.ru/,Elina.Kapitonova@szgmu.ru; Tikhonov.Sergei@szgmu.ru; Yaroslav.Tcololo@szgmu.ru,+7 (812) 303-50-00 доб. 8774,,Председатель Совета СНО — Капитонова Элина Сергеевна; руководитель — Тихонов Сергей Викторович,,A,https://sno.szgmu.ru/o-nas/,Не начато,,
127,НОМУС Омского ГМУ,Студенческие организации и вузы,СНО,Офлайн,Омск,,Научное общество молодых учёных и студентов ОмГМУ — студенческая наука и конференции вуза.,https://omsk-osma.ru/nauka-i-innovacii/nauchno-issledovatel-skaya-deyatel-nost-studentov-i-molodyh-uchenyh/nauchnoe-obschestvo-molodyh-uchenyh-i-studentov-nomus,nomus@omgmu.ru,,https://vk.com/omskosmuofficial; https://t.me/osmu_official,Руководитель — Храмых Татьяна Петровна; председатель — Беляков Денис,,B,https://omsk-osma.ru/nauka-i-innovacii/nauchnoe-obschestvo-molodyh-uchenyh-i-studentov-nomus/sovet-nomus,Не начато,,
128,Объединённый совет обучающихся Саратовского ГМУ им. В. И. Разумовского,Студенческие организации и вузы,Студсовет / профком,Офлайн,Саратов,,"Объединяет 15 студенческих объединений СГМУ, включая Общество молодых учёных и студентов (координирует 43 научных кружка).",https://sgmu.ru/university/departments/vneuchebnaya-deyatelnost/studencheskoe-samoupravlenie/,meduniv@sgmu.ru,+7 (8452) 49-33-03,https://vk.com/razumovsky_ru; https://t.me/razumovsky_ru,Председатель ОСО — Бочанова Дарья Алексеевна,"15 объединений, 3 клуба",B,https://sgmu.ru/university/departments/vneuchebnaya-deyatelnost/studencheskoe-samoupravlenie/,Не начато,,
129,СНО Оренбургского ГМУ,Студенческие организации и вузы,СНО,Офлайн,Оренбург,,"Студенческое научное общество ОрГМУ, проводит студенческие конференции.",https://orgma.ru/,sno-orgma@mail.ru,,,Науч. руководитель — Нузова Ольга Борисовна,,B,http://new.ngmu.ru/site/conferences/11485,Не начато,,
130,СНО Ставропольского ГМУ,Студенческие организации и вузы,СНО,Офлайн,Ставрополь,,Студенческое научное общество СтГМУ (совместно с СМУС) — конференции и конкурсы для студентов.,https://firststeps.stgmu.ru/blog-8.html,sno.stgmu@mail.ru,+7 962 401-37-76,https://vk.com/sno_stgmu; https://t.me/science_stgmu; https://t.me/smus_stgmu,Председатель СНО — Степанян Тамара Олеговна,,B,https://firststeps.stgmu.ru/blog-8.html,Не начато,,
131,СНО Южно-Уральского ГМУ,Студенческие организации и вузы,СНО,Офлайн,Челябинск,,"Студенческое научное общество ЮУГМУ, проводит итоговую конференцию «Veritas vincit».",http://www.chelsma.ru/science/studencheskoe-nauchnoe-obshhestvo/glavnaja-stranica-sno/sostav-soveta-sno/,,+7 (351) 240-20-20,https://vk.com/pr.susmu; https://t.me/pr_susmu,Председатель Совета — Бивалькевич Вячеслав Андреевич; науч. руководитель — Богданов Дмитрий Владимирович,,B,http://www.chelsma.ru/science/studencheskoe-nauchnoe-obshhestvo/glavnaja-stranica-sno/sostav-soveta-sno/,Не начато,,
132,Совет обучающихся Башкирского ГМУ,Студенческие организации и вузы,Студсовет / профком,Офлайн,Уфа,,"Студенческое самоуправление БГМУ, объединяет студсоветы факультетов и студобъединения (вкл. отделение Волонтёров-медиков РБ).",https://bashgmu.ru/life_bsmu/sovet-obuchayushchikhsya/,sovet.bashgmu@gmail.com,+7 (982) 537-60-00,https://vk.com/so_bsmu; https://vk.com/profcombashgmu,Председатель — Валеева Ксения Руслановна,,B,https://bashgmu.ru/life_bsmu/sovet-obuchayushchikhsya/,Не начато,,
133,Совет обучающихся РостГМУ,Студенческие организации и вузы,Студсовет / профком,Офлайн,Ростов-на-Дону,,Орган студенческого самоуправления РостГМУ — канал рассылки на всех студентов вуза.,https://rostgmu.ru/,,+7 (863) 250-41-27,https://vk.com/rsmu_studgovernment,,,B,https://rostgmu.ru/образование/студенту/справочник-первокурсника/студенческие-общественные-объединен,Не начато,,
134,Студенческий совет НГМУ,Студенческие организации и вузы,Студсовет / профком,Офлайн,Новосибирск,,"Студенческое самоуправление НГМУ (организаторское, медиа, научное, спортивное направления).",https://new.ngmu.ru/page/pervokursnik/studsovet,studsovetngmu@mail.ru,,https://vk.com/studsovetnsmu,Председатель — Колбасенко Денис Геннадьевич,,B,https://new.ngmu.ru/page/pervokursnik/studsovet,Не начато,,
135,Центр студенческой и молодёжной науки Тюменского ГМУ (СНО),Студенческие организации и вузы,СНО,Офлайн,Тюмень,,"Координирует СНО и научные кружки ТюмГМУ, финалист конкурса лучших молодёжных научных обществ.",https://www.tyumsmu.ru/science/science_center/scientific-circles/,tgmu@tyumsmu.ru,+7 (3452) 21-71-55,,Руководитель центра — Вахромеева Ксения Александровна; координатор СНО — Буслаева Наталья Николаевна,,B,http://old.tyumsmu.ru/aspirantam/czentr-stud-nauki/kontaktyi1.html,Не начато,,
136,Волонтёры-медики Республики Башкортостан,Студенческие организации и вузы,Ассоциация / движение,Офлайн,Уфа,,Региональное отделение ВОД «Волонтёры-медики» на базе БГМУ.,https://vk.com/volmedic_rb,,,https://vk.com/volmedic_rb,,,C,https://bashgmu.ru/life_bsmu/sovet-obuchayushchikhsya/,Не начато,,
137,НОМУС Дальневосточного ГМУ,Студенческие организации и вузы,СНО,Офлайн,Хабаровск,,Научное общество молодых учёных и студентов ДВГМУ (преобразованное СНО).,https://www.fesmu.ru/nauka/nomus/,rec@fesmu.ru,+7 (4212) 30-53-11,,,,C,https://www.fesmu.ru/nauka/nomus/,Не начато,,
138,НОМУС им. И. И. Мечникова Иркутского ГМУ,Студенческие организации и вузы,СНО,Офлайн,Иркутск,,"Научное общество молодых учёных и студентов ИГМУ, 16 секций.",https://www.ismu.baikal.ru/,,,,Руководитель — Пикало И. А.,16 секций,C,https://mir.ismu.baikal.ru/sveden/employees/,Не начато,,
139,Christmedschool,Партнёры с общей аудиторией,Онлайн-школа,Онлайн,,,"Онлайн-школа будущих врачей с курсами по анатомии, биохимии, неврологии и др.; взаимная реклама: их курсы теории + наш тренажёр практики сбора анамнеза.",https://christmedschool.com/,info@christmedschool.com; support@christmedschool.com,,https://vk.com/christmedschool,,студенты медвузов,A,https://christmedschool.com/,Не начато,,
140,MedExam — Аккредитация тесты,Партнёры с общей аудиторией,Приложение / сервис,Онлайн,,,"Приложение и сайт для подготовки к аккредитации (тесты, задания); наш тренажёр закрывает практическую часть (станции, сбор анамнеза), что дополняет их тестовую базу — кросс-промо в каналах.",https://med-exam.ru/,support@medexam.ru,,https://vk.com/med_exam; https://t.me/medexam_akkred; https://ok.ru/group/70000039529886,,выпускники медвузов и колледжей,A,https://med-exam.ru/,Не начато,,
141,Universkill (SechenovUniverskill),Партнёры с общей аудиторией,Онлайн-школа,Онлайн,Москва,,"Онлайн-курсы для студентов-медиков и абитуриентов медвузов (9000+ обученных), есть закрытый чат студентов; подходит для совместных эфиров и интеграции тренажёра в их программы подготовки к экзаменам.",https://sechenovuniverskill.com/,sechenovuniverskill@yandex.ru,,https://vk.com/universkill; https://t.me/sechenovs; https://rutube.ru/channel/24141995/; https://dzen.ru/sechenov,,студенты медвузов и абитуриенты; 9000+ учеников,A,https://sechenovuniverskill.com/,Не начато,,
142,Вебиум,Партнёры с общей аудиторией,Онлайн-школа (ЕГЭ для будущих медиков),Онлайн,,,"Онлайн-школа ОГЭ/ЕГЭ (биология, химия); есть PR-почта и канал для инфлюенсер-партнёрств — спецпроект для будущих медиков.",https://webium.ru/,pr@webium.ru; info@webium.ru,+7 800 350-60-87,https://vk.com/webium_ege; https://t.me/webium_school; https://t.me/webium_influence,,школьники 9–11 классов,A,https://webium.ru/,Не начато,,
143,ГЭОТАР-Медиа,Партнёры с общей аудиторией,Издательство / ЭБС,Гибрид,Москва,,"Крупнейшее медицинское издательство (учебники для медвузов, ЭБС «Консультант студента» и «Консультант врача»); партнёрство — подборки литературы к нашим кейсам и совместные акции для студентов.",https://www.geotar.ru/,info@geotar.ru,+7 495 921-39-07,https://vk.com/geotarmedia; https://dzen.ru/geotar; https://rutube.ru/channel/24688147,,"студенты и преподаватели медвузов, врачи",A,https://www.geotar.ru/contacts,Не начато,,
144,Медвуза,Партнёры с общей аудиторией,Онлайн-школа,Онлайн,,,"Онлайн-школа для студентов медвузов (анатомия, гистология, биохимия и др.); можно предложить их ученикам тренажёр клинических случаев как следующий шаг после фундаментальных дисциплин и обменяться постами/промокодами.",https://medvuza.ru/,support@medvuza.ru,,https://vk.com/med_medvuza,,студенты 1–6 курсов медвузов,A,https://medvuza.ru/,Не начато,,
145,Справочник врача (Medsolutions / МИР),Партнёры с общей аудиторией,Приложение / сервис,Онлайн,,,"Мобильный «Справочник врача: МКБ-10, РЛС» (640 тыс.+ пользователей) от ООО «Медицинские информационные решения»; партнёрство — взаимные упоминания и баннеры для студентов.",https://medsolutions.ru/,info@medsolutions.ru,,,,врачи и студенты-медики; 640 тыс.+,A,https://apps.apple.com/ru/app/id662302890,Не начато,,
146,Умскул,Партнёры с общей аудиторией,Онлайн-школа (ЕГЭ для будущих медиков),Онлайн,,,Крупная онлайн-школа подготовки к ЕГЭ/ОГЭ с сильными направлениями биологии и химии; через PR-отдел можно предложить спецпроект «Попробуй себя врачом» для поступающих в медвуз.,https://umschool.net/,pr@umschool.ru; umschool@umschool.ru,+7 800 300-63-24; +7 495 487-63-24,https://vk.com/umsch_ru,,школьники 9–11 классов (сотни тысяч учеников),A,https://umschool.net/,Не начато,,
147,Школа терапии Dr.Tamuna,Партнёры с общей аудиторией,Онлайн-школа,Онлайн,,,"Онлайн-школа терапии для студентов-медиков и врачей (госы, аккредитация, клиническое мышление) врача-терапевта Тамары Ткебучавы; близкая аудитория — можно предложить совместный эфир/разбор кейса на нашем ИИ-пациенте.",https://school-drtamuna.ru/,,,https://t.me/schooltherapy,Тамара Ткебучава (основатель),"студенты старших курсов, ординаторы",A,https://school-drtamuna.ru/,Не начато,,
148,ЭБС «Консультант студента» / «Консультант врача» (ГЭОТАР),Партнёры с общей аудиторией,Издательство / ЭБС,Онлайн,Москва,,"Электронные медицинские библиотеки ГЭОТАР, подключённые в большинстве медвузов; можно предложить ссылки «читать в Консультанте» из профессорского разбора и взаимное продвижение.",https://www.rosmedlib.ru/,info@rosmedlib.ru; sale@rosmedlib.ru,+7 800 234-13-74; +7 800 555-99-92,,,"студенты медвузов, ординаторы, врачи",A,https://www.rosmedlib.ru/,Не начато,,
149,100балльный репетитор,Партнёры с общей аудиторией,Онлайн-школа (ЕГЭ для будущих медиков),Онлайн,,,Онлайн-школа подготовки к ЕГЭ с отдельными преподавателями-блогерами по биологии и химии; коллаборация с их био/хим-каналами для аудитории будущих медиков.,https://100points.ru/,,+7 495 104-96-46,https://t.me/biowithbear; https://t.me/chemist_msu,,школьники 10–11 классов,B,https://100points.ru/,Не начато,,
150,Athenium — академия подготовки к медвузам,Партнёры с общей аудиторией,Онлайн-школа (ЕГЭ для будущих медиков),Онлайн,,,"Онлайн-школа для будущих врачей (химия, биология, русский для 8–11 классов); можно дать их выпускникам бесплатный пробный доступ к тренажёру как «первый опыт врача», а у них — анонс для абитуриентов.",https://athenium.academy/,athenium@mail.ru,+7 905 323-48-88,,,"школьники 8–11 классов, поступающие в медвуз",B,https://athenium.academy/,Не начато,,
151,MD School,Партнёры с общей аудиторией,Онлайн-школа,Онлайн,,,Онлайн-школа медицины для врачей на принципах доказательной медицины; кросс-промо для молодых врачей и ординаторов (их курсы + наш тренажёр клинических разборов).,https://md.school/,info@md.school,,https://vk.com/md.school; https://t.me/medicina_discendi; https://t.me/MDschool_supportbot,,"врачи, ординаторы",B,https://md.school/,Не начато,,
152,Med.Studio,Партнёры с общей аудиторией,Онлайн-школа,Онлайн,Москва,,Портал медицинского онлайн-образования (ООО «Мед.Студио») с вебинарами и курсами для врачей; возможна взаимная рассылка и спецпредложение для молодых врачей/ординаторов.,https://med.studio/,info@med.studio,+7 800 500-26-92; +7 495 120-36-92,https://vk.com/med.studio.official; https://t.me/medstudi0,,"врачи, ординаторы",B,https://med.studio/,Не начато,,
153,MEDintellect (Dr.Olim),Партнёры с общей аудиторией,Онлайн-школа,Онлайн,,,Медицинская образовательная онлайн-академия Dr.Olim для студентов и врачей (YouTube-канал 130 000+ подписчиков); интересна интеграция/обзор тренажёра в видео.,https://medintellect.ru/,,,,,студенты и врачи; YouTube 130k+,B,https://medintellect.ru/contacts,Не начато,,
154,MedIQ,Партнёры с общей аудиторией,Приложение / сервис,Онлайн,,,"Платформа подготовки к аккредитации с тестами, ситуационными задачами и интервальным повторением; дополняющий продукт — можно обменяться рекомендациями для выпускников.",https://mediqpro.ru/,,,,,"выпускники (лечебное дело, педиатрия, стоматология, фармация)",B,https://mediqpro.ru/,Не начато,,
155,Академия Anatomy Education (Эдгар Кафаров),Партнёры с общей аудиторией,Онлайн-школа,Онлайн,,,Онлайн-академия анатомии Эдгара Кафарова для студентов-медиков и специалистов; большая аудитория младших курсов — совместные розыгрыши и посты.,https://anatomy-education.ru/,academofanatomy@gmail.com; support@anatomykf.ru,,https://t.me/edgarkafarov; https://vk.com/public212280554,Эдгар Кафаров (основатель),студенты 1–3 курсов,B,https://anatomy-education.ru/,Не начато,,
156,Корифей Онлайн — медицинский класс,Партнёры с общей аудиторией,Онлайн-школа (ЕГЭ для будущих медиков),Онлайн,,,"Онлайн медицинский класс для 8–10 классов (углублённая химия/биология, встречи с врачами, профориентация); наш тренажёр подходит как интерактивная «встреча с пациентом» в их программу.",https://koriphey.online/classes/med/,info@koriphey.online,+7 800 100-50-39; +7 930 600-30-35,,,школьники 8–10 классов,B,https://koriphey.online/classes/med/,Не начато,,
157,КурсНаМед — школа будущих врачей,Партнёры с общей аудиторией,Онлайн-школа (ЕГЭ для будущих медиков),Гибрид,Москва,,"Школа подготовки к ЕГЭ по химии и биологии для поступления в медвуз (медкружки, лагерь, практикумы); совместные профориентационные активности и спецпредложение для их выпускников-первокурсников.",https://kursnamed.ru/,info@kursnamed.ru,+7 499 455-90-69,https://vk.com/kursnamed; https://t.me/KursNaMedTG_bot,,школьники 5–11 классов,B,https://kursnamed.ru/,Не начато,,
158,МедикТест,Партнёры с общей аудиторией,Приложение / сервис,Онлайн,,,"Приложение для подготовки к медицинской аккредитации (тесты и задачи всех специальностей, офлайн-режим); взаимная реклама в Telegram/VK — тесты у них, клинические кейсы у нас.",https://mediktest.ru/,,,https://t.me/Mediktest0; https://vk.com/mediktest,,выпускники медвузов,B,https://mediktest.ru/,Не начато,,
159,МедЭлемент (MedElement),Партнёры с общей аудиторией,Приложение / сервис,Онлайн,Москва (представительство РФ),,"Медицинская платформа и приложения-справочники (клинические протоколы, «Справочник терапевта») для врачей и студентов; возможен обмен контентом и рекламой.",https://medelement.com/,rf@medelement.com; office@medelement.com,+7 499 213-34-24,https://t.me/medelementcom,,врачи и студенты РФ и Казахстана,B,https://medelement.com/page/kontakty,Не начато,,
160,РЛС — Энциклопедия лекарств (rlsnet.ru),Партнёры с общей аудиторией,Приложение / сервис,Онлайн,Москва,,Энциклопедия лекарственных препаратов РЛС с PR-контактом; возможен обмен публикациями и совместный контент для студентов.,https://www.rlsnet.ru/,pr@rlsnet.ru,+7 499 281-91-91,https://t.me/rlsdigest; https://vk.com/rlsdigest,,"врачи, провизоры, студенты",B,https://www.rlsnet.ru/,Не начато,,
161,Справочник Видаль (Vidal.ru),Партнёры с общей аудиторией,Приложение / сервис,Онлайн,Москва,,Справочник лекарственных препаратов АО «Видаль Рус» с разделом «Размещение рекламы»; партнёрство — спецпроект для студентов (фармакология + клинические кейсы).,https://www.vidal.ru/,vidal@vidal.ru; m.vlasenko@vidal.ru,+7 499 975-12-53,https://vk.com/vidalru,,"врачи, фармацевты, студенты",B,https://www.vidal.ru/about/kontakty,Не начато,,
162,ЭБС BookUp (Букап),Партнёры с общей аудиторией,Издательство / ЭБС,Онлайн,Томск,,Электронная библиотека медицинских учебников для вузов; возможна взаимная реклама и рекомендации литературы к кейсам.,https://www.books-up.ru/,mail@books-up.ru,+7 3822 23-10-73; +7 909 543-10-73,,,студенты медвузов,B,https://www.books-up.ru/ru/contact/,Не начато,,
163,Издательство «Медиа Сфера»,Партнёры с общей аудиторией,Издательство / ЭБС,Гибрид,Москва,,Издательство медицинских журналов и организатор образовательных мероприятий для врачей; партнёрство — информационная поддержка в журналах/каналах для молодых врачей.,https://www.mediasphera.ru/,info@mediasphera.ru,+7 495 482-43-29,https://t.me/mediasphera; https://vk.com/mediaspheraru,,"врачи, ординаторы",C,https://www.mediasphera.ru/,Не начато,,
164,Издательство «Практическая медицина»,Партнёры с общей аудиторией,Издательство / ЭБС,Офлайн,Москва,,Медицинское издательство (учебная и практическая литература); возможны совместные розыгрыши книг среди пользователей тренажёра.,https://www.medprint.ru/,,+7 916 412-90-30,,,"врачи, студенты",C,https://www.medprint.ru/,Не начато,,
165,Издательство «СпецЛит»,Партнёры с общей аудиторией,Издательство / ЭБС,Гибрид,Санкт-Петербург,,Издательство и интернет-магазин медицинской литературы; партнёрство — промокоды на учебники для наших пользователей и розыгрыши.,https://www.speclit.su/,,+7 812 495-36-09; +7 812 495-36-12,,,"студенты, врачи",C,https://www.speclit.su/,Не начато,,
166,Медицинская академия Татьяны Хитровой,Партнёры с общей аудиторией,Онлайн-школа,Онлайн,,,Онлайн-академия (анатомия человека и др. курсы с 3D-атласом) для студентов и врачей; возможна взаимная рекомендация в рассылках.,https://khitrovamed.com/,academy@khitrovamed.com,,https://t.me/khitrovamed,Татьяна Хитрова,"студенты, врачи",C,https://khitrovamed.com/,Не начато,,
167,Образовательная платформа «Юрайт»,Партнёры с общей аудиторией,Издательство / ЭБС,Онлайн,Москва,,ЭБС и издательство для вузов (есть медицинские дисциплины) с PR-отделом; возможны совместные вебинары/подборки для студентов-медиков.,https://urait.ru/,pr@urait.ru; vuz@urait.ru,+7 495 744-00-12,https://vk.com/iurait; https://t.me/urait_academy,,студенты вузов и ссузов,C,https://urait.ru/info/contacts,Не начато,,
168,Сотка,Партнёры с общей аудиторией,Онлайн-школа (ЕГЭ для будущих медиков),Онлайн,,,"Онлайн-платформа подготовки к ЕГЭ/ОГЭ; возможна интеграция для учеников био-хим потока, планирующих медвуз.",https://sotkaonline.ru/,sotkaschoolonline@gmail.com,+7 800 333-00-56,https://vk.com/schoolsotka; https://t.me/sotkaonline,,школьники 9–11 классов,C,https://sotkaonline.ru/,Не начато,,
